"","D1","D2","fear_mean","disgust_mean","approach_mean"
"Sp_001",-0.263885828039538,-0.0521882252269702,42.5555555555556,46.1944444444444,30.6666666666667
"Sp_002",-0.242607402865798,-0.54900541410989,61.6447368421053,70.3552631578947,47.8815789473684
"Sp_003",-0.115035585376448,0.997707670337536,14.84,15.32,9.89333333333333
"Sp_004",-0.196779993791121,-0.414890669435195,59.4210526315789,73.1052631578947,53.8684210526316
"Sp_005",-0.223179891040539,-0.312437629286344,28.1153846153846,30.1794871794872,28.3205128205128
"Sp_006",0.764512752178516,0.293329630106747,77.0731707317073,79.6585365853659,69
"Sp_007",-0.831641940441504,-0.256869058186789,16.7666666666667,18.5333333333333,15.8666666666667
"Sp_008",-0.842903835072831,-0.379420952050074,22.2121212121212,29.6666666666667,21.9393939393939
"Sp_009",-0.0138857477881992,-0.179217305557349,57.4883720930233,61.7906976744186,46.8139534883721
"Sp_010",-0.000789969827916906,-0.0500424890938868,58.1372549019608,68.6274509803922,47.1176470588235
"Sp_011",-0.437734916399345,-0.629385025598054,58.4166666666667,74.5277777777778,49.9722222222222
"Sp_012",-0.0544266736293488,0.118954071077904,65.6923076923077,70.7435897435897,50.9487179487179
"Sp_013",-0.295877239059372,-0.545552554178209,44,51.804347826087,34.6521739130435
"Sp_014",0.274814080621542,-0.47573184618166,65.9565217391304,76.1739130434783,58.0869565217391
"Sp_015",0.281957182693705,0.735234769516672,25.21875,25.34375,12.71875
"Sp_016",-0.852958180230977,-0.0623390092250585,18.4647887323944,26.5633802816901,14.9859154929577
"Sp_017",0.572711701729414,0.301283772831537,53.969696969697,82.0454545454545,49.4393939393939
"Sp_018",-0.792726822724201,-0.325625981567926,17.9574468085106,22.4255319148936,19.936170212766
"Sp_019",-0.463197114580835,0.0247952472953646,44.2077922077922,52.2727272727273,38.7532467532468
"Sp_020",-0.464638351565569,0.140853412655963,45.5882352941176,50.3921568627451,40.7843137254902
"Sp_021",-0.148076747676705,0.244845759623845,47.3617021276596,54.1914893617021,34.8297872340426
"Sp_022",-0.107418280733929,0.292895973151429,51.375,59.8958333333333,51.8958333333333
"Sp_023",0.680614822136881,0.396125607299594,76.7380952380952,75.0476190476191,56.9285714285714
"Sp_024",-0.115156093483959,0.270277867831744,48.4307692307692,57.7538461538462,38.4769230769231
"Sp_025",0.578260936126526,0.129198399041354,73.0571428571429,80.9142857142857,58.6285714285714
"Sp_026",0.095238291272785,-0.0691979181645103,61.3142857142857,62.9428571428571,49.9142857142857
"Sp_027",0.300416865174421,-0.368052348465588,58.2857142857143,64.5833333333333,45.6904761904762
"Sp_028",0.746723979945607,0.148461417665805,66.325,71.075,57.9
"Sp_029",0.74479513201787,0.331740363185702,68.7391304347826,73.8913043478261,53.3260869565217
"Sp_030",0.282394734441449,0.483723275801338,51.1111111111111,57.5833333333333,44.0833333333333
"Sp_031",0.163989885051277,-0.504665281310689,66.125,73.5833333333333,62.875
"Sp_032",-0.584508979307356,0.822512796140377,38.448275862069,44.4137931034483,34.4137931034483
"Sp_033",-0.4228110723779,0.196500765997491,33.4333333333333,37.2777777777778,32.9888888888889
"Sp_034",-0.337053218660057,0.18721963669444,34.6896551724138,37.2758620689655,31
"Sp_035",-0.323312938939224,0.083080670870735,39.2051282051282,48.1025641025641,36.5128205128205
"Sp_036",-0.408543788043453,-0.369744819549411,45.05,48.7,32.65
"Sp_037",0.349647296453975,0.502812413501461,72.1111111111111,76.9166666666667,57
"Sp_038",-0.340143831007276,0.308512117783247,40.3611111111111,48.8888888888889,37.1388888888889
"Sp_039",-0.0223641770492403,-0.233827108042088,56.375,60.05,50.8
"Sp_040",0.793964048013167,0.0165460955526384,75.72,75.38,56
"Sp_041",0.0384280337855552,0.119221135470375,54.8048780487805,59.1951219512195,41.4634146341463
"Sp_042",-0.36165569083294,-0.46398975430739,48.0123456790123,58.358024691358,40.4938271604938
"Sp_043",-0.220236621277288,-0.0615372549193737,36.6666666666667,43.4166666666667,31.3888888888889
"Sp_044",-0.241421172767357,-0.491719651219975,59.5142857142857,66.2285714285714,52.2285714285714
"Sp_045",-0.333172668418166,-0.128263791673057,42.8125,55,37.5
"Sp_046",-0.371871949866143,-0.174007895865839,40.8405797101449,50.3478260869565,32.7536231884058
"Sp_047",-0.712965683911834,-0.298265494675814,18.5714285714286,25.3428571428571,18.2285714285714
"Sp_049",0.116315670028799,-0.308715460614015,54.6511627906977,66.2790697674419,43.3023255813954
"Sp_050",0.0997509341278961,-0.441694203242314,57.8444444444444,67.1555555555556,47.6666666666667
"Sp_051",-0.532995138134809,-0.381332203552929,41.4324324324324,45.8108108108108,34.5675675675676
"Sp_052",-0.0623498889446324,-0.345819063200336,56.1447368421053,66.4473684210526,48.2763157894737
"Sp_053",-0.138669358551797,-0.422153399561583,54.1666666666667,60.7777777777778,37.4722222222222
"Sp_054",-0.239367674030106,-0.648994306268198,52.7659574468085,55.5744680851064,44
"Sp_055",0.633765997793231,0.705409112379524,24.0294117647059,24,11.6176470588235
"Sp_056",-0.86316475636461,-0.308484054448968,16.5,28.4,20.55
"Sp_057",-0.438217684654338,0.907510561985871,18.0810810810811,23.5945945945946,14.7837837837838
"Sp_058",-0.604467842432148,0.434977682625525,45.4358974358974,63.9487179487179,38.9230769230769
"Sp_059",-0.769923556905758,-0.389827269919046,24.0869565217391,40.3623188405797,26.1884057971014
"Sp_060",-0.56636211623439,0.653918057670241,15.5333333333333,17.9777777777778,14.2
"Sp_061",0.377423890965482,0.093331933508253,52.4444444444444,61.0555555555556,40.8611111111111
"Sp_062",0.630413736172727,-0.272815156535841,61.6,68.6888888888889,54.0444444444444
"Sp_063",-0.658508782324724,0.459750625979871,36.28125,47.5625,25.625
"Sp_064",-0.460399709364391,-0.37689892396459,36.675,43,34.65
"Sp_065",0.364358658394365,-0.493845103507478,69.0512820512821,79.4102564102564,49.3076923076923
"Sp_066",-0.00429877020331571,-0.571397231939132,60.5142857142857,70.0571428571429,56.1428571428571
"Sp_067",0.25222030602641,-0.053988071248992,63.9444444444444,76.5277777777778,51.3333333333333
"Sp_068",0.308239671531868,-0.304977697179356,57.7575757575758,66.6060606060606,47.7575757575758
"Sp_069",0.568045949307853,0.111344801757698,74.0740740740741,79.037037037037,65.8888888888889
"Sp_070",-0.735255792267477,0.030715418903799,13.4285714285714,17.8928571428571,16.8928571428571
"Sp_071",-0.160897718994982,-0.312031122104306,64.3827160493827,65.7777777777778,56.7654320987654
"Sp_072",-0.708641038757682,-0.469521501723258,19.974358974359,21.6666666666667,16.9230769230769
"Sp_073",0.610442487789156,-0.430126658826372,63.6216216216216,67.1891891891892,54.7297297297297
"Sp_074",0.0933996291789473,-0.499706580198955,54.0493827160494,61.4444444444444,45.4320987654321
"Sp_075",-0.738770366398472,-0.497906172061474,36.4857142857143,50.5142857142857,36.0571428571429
"Sp_076",0.32690508475407,-0.513204966631765,62.9076923076923,73,52.5538461538462
"Sp_077",-0.209531195780839,-0.341656394999756,56.5625,62.5625,41.21875
"Sp_078",-0.355910123536452,-0.498495683144417,52.1219512195122,58.0487804878049,44.9268292682927
"Sp_079",0.261974975026046,-0.288012447949913,76.425,77.325,63.325
"Sp_080",0.152973525626749,-0.317443146018008,64.1842105263158,64.8421052631579,48.3157894736842
"Sp_081",-0.630486032943568,-0.410372649264404,33.9736842105263,45.6052631578947,31.2631578947368
"Sp_082",0.682621950786782,-0.321349893217437,71.4054054054054,74.2972972972973,62.0540540540541
"Sp_083",-0.105248374168984,-0.415737081922972,50,58.9444444444444,48.1944444444444
"Sp_084",0.392341062580805,-0.388070483553624,62,64.5882352941177,54.8529411764706
"Sp_085",0.726836815600076,-0.20558177900633,63.6842105263158,64.9473684210526,55.5789473684211
"Sp_086",0.409819218151857,-0.0899724741838985,53.6129032258064,70.8387096774194,50.3870967741936
"Sp_087",-0.586739785572924,0.0965340443290457,63.8026315789474,79,59.8815789473684
"Sp_088",0.338745049146171,-0.535384089872284,64.4634146341463,79.0975609756098,59.3414634146341
"Sp_089",0.740785166950857,-0.194671820543561,63.0888888888889,71.4,59.1111111111111
"Sp_090",0.517605966279158,-0.183232305931843,69.5757575757576,78.0606060606061,51.8484848484849
"Sp_091",0.359836927618465,-0.0809141317768327,72.4722222222222,75.2222222222222,57.1666666666667
"Sp_092",-0.293419853191836,-0.100498630969634,42.65,51.425,36.975
"Sp_093",-0.781639380046254,-0.0790930316408781,18.8333333333333,21.6111111111111,22.5277777777778
"Sp_094",0.383664042683023,-0.548990945087518,74.8529411764706,79.4705882352941,63.9705882352941
"Sp_095",0.541913132093598,-0.482286834171726,61.7162162162162,62.3108108108108,49.6756756756757
"Sp_096",0.604121575751081,-0.473815655789119,67.3142857142857,73.0285714285714,55.4857142857143
"Sp_097",0.381646708621545,0.414684583408267,67.5853658536585,80.5853658536585,49.390243902439
"Sp_098",-0.103562109371628,1.13742936483727,6.02631578947368,6.47368421052632,5.26315789473684
"Sp_099",0.58476020618101,0.573819463041241,62.9113924050633,68.9620253164557,49.7341772151899
"Sp_100",0.727178706868825,-0.102416306795044,79.6,88,65.8857142857143
"Sp_101",0.655735619618375,0.243916437984355,67.5428571428571,64,57.2
"Sp_102",-0.510734305605865,0.939028955662453,1.82222222222222,2.53333333333333,4.4
"Sp_103",-0.168103453135272,0.680525559985338,39.6904761904762,46.8452380952381,31.047619047619
"Sp_104",0.281474376532738,0.68812600640518,76.2820512820513,89.2564102564103,61.5512820512821
"Sp_105",0.792445252580188,0.116030165465739,65.025,69,52.1
"Sp_106",0.209051190427302,0.0957558109773953,45.9605263157895,53.5263157894737,38.9605263157895
"Sp_107",0.237851330223188,0.209791457985274,65.6470588235294,69.8235294117647,52.2941176470588
"Sp_108",0.141752823881214,-0.620034634103474,63.8974358974359,70.3589743589744,50.7692307692308
"Sp_109",0.187774202839243,0.143893470121594,57.2972972972973,64.8918918918919,45.7837837837838
"Sp_110",0.0211923289487112,-0.361524313191052,60.1857142857143,67.8285714285714,45.1571428571429
"Sp_111",0.0889482056570705,0.53424895952437,67.0571428571429,68.0857142857143,46.5142857142857
"Sp_112",0.224396132037342,-0.439550112573835,47.4054054054054,57.5405405405405,39.2432432432432
"Sp_113",-0.480948100059928,-0.0144340203729523,58.780487804878,66.5365853658537,43.2926829268293
"Sp_114",0.606852734696207,-0.178412406234433,75.7368421052632,83.0526315789474,61.9210526315789
"Sp_115",0.661565133175359,-0.354596693977379,83.1470588235294,84.4411764705882,76.7941176470588
"Sp_116",0.535024963169761,-0.0827297874153459,70.8285714285714,85.2571428571429,59.8285714285714
"Sp_117",-0.912915552521871,0.112921705053622,15.3684210526316,19.7894736842105,12.5789473684211
"Sp_118",0.0878065399966839,-0.585761134328156,61.3896103896104,70.6103896103896,49.5584415584416
"Sp_119",0.524580138936372,0.0493423008599633,58.7777777777778,69.2444444444444,49.0444444444444
"Sp_120",-0.133629597746912,-0.196984453882633,52.8,64.45,46.175
"Sp_121",0.231053878879511,-0.173966502892491,49.3953488372093,60.2093023255814,40.1627906976744
"Sp_122",0.23694181112454,-0.479469595875997,67.4054054054054,81.1351351351351,54.6081081081081
"Sp_123",0.425504878890985,-0.116187004455907,69.7101449275362,77.5652173913043,56.8260869565217
"Sp_124",0.510650571434555,-0.310362831403229,69.4468085106383,73.2340425531915,56
"Sp_125",0.340721142410176,0.189947808677819,70.7466666666667,74.8933333333333,50.48
"Sp_126",0.432006966963457,0.0287307116348214,72.5675675675676,77.8918918918919,52.4594594594595
"Sp_127",-0.838544687042038,-0.18296959328114,22.0454545454545,28.5,24.4545454545455
"Sp_128",0.646056436028956,-0.0719251672831322,71.8717948717949,82.9230769230769,66.8205128205128
"Sp_129",0.358487998658291,-0.38969071832205,62.2432432432432,65.027027027027,51.7027027027027
"Sp_130",-0.569136475949604,-0.0611309247432927,33.1351351351351,39.1891891891892,29.3783783783784
"Sp_131",-0.0950246794725005,0.640803843166794,49.3695652173913,65.2826086956522,45.2173913043478
"Sp_132",0.725855542325834,0.0386574914811692,65.525,62.275,43.8
"Sp_133",0.521318453304275,0.720050337679416,54,73.0232558139535,47.1860465116279
"Sp_134",-0.446778447435302,0.134796109321314,45.5121951219512,60.2439024390244,38.5365853658537
"Sp_135",0.70547023950517,-0.277834070664239,74.5454545454545,80.4318181818182,61.5227272727273
"Sp_136",-0.837784672798343,-0.222754228609438,31.5512820512821,51,27.6794871794872
"Sp_137",-0.637464380844916,0.34092472534378,33.1714285714286,38.7142857142857,26.4285714285714
"Sp_138",-0.110846800267065,0.557991551226879,44.780487804878,61.9024390243902,29.390243902439
"Sp_139",-0.5935301682239,0.260967048167739,38.7659574468085,45.063829787234,30.8085106382979
"Sp_140",-0.0646097671604375,0.45752238276219,34.6216216216216,44.8108108108108,20.4324324324324
"Sp_141",0.18497259732118,0.959504500496216,39.5,68.6666666666667,32.5
"Sp_142",0.75937724700539,0.0232537232494271,76.6046511627907,81.2093023255814,63.6511627906977
"Sp_143",0.0853680259077366,-0.626025140014967,40.75,46.25,32.4285714285714
"Sp_144",0.666934682011605,0.40629087656958,61.0714285714286,67.1785714285714,53.1904761904762
"Sp_145",-0.694153302729073,0.368743582871273,18.8108108108108,19.2702702702703,13.9459459459459
"Sp_146",0.290202773485181,0.405578559024827,66.5142857142857,68.6285714285714,41.0285714285714
"Sp_147",0.141952472244811,0.342553072730129,59.8648648648649,63.5135135135135,49.3513513513514
"Sp_148",0.584631715727563,0.369071484255866,66.7674418604651,72.0697674418605,43.3488372093023
"Sp_149",0.81123429356655,0.21138237746543,63.6666666666667,71.3076923076923,49.0769230769231
"Sp_150",-0.641107431042889,-0.406519925624656,20.25,30.3611111111111,25.7222222222222
"Sp_151",0.467802368938314,0.262851792226413,52.6571428571429,61.8285714285714,47.5142857142857
"Sp_152",0.118898103489073,0.572431447591001,62.0625,66.5625,44.0625
"Sp_153",-0.583909530709212,0.459940374348798,49.5384615384615,57.7948717948718,40.1538461538462
"Sp_154",-0.181659052229725,0.476664093948433,65.2702702702703,67.7297297297297,46.7027027027027
"Sp_155",0.0214435481847108,0.547527935382483,41.3783783783784,51.4594594594595,35.6486486486486
"Sp_156",-0.104432468562096,0.669499730343426,45.1780821917808,52.8630136986301,35.7397260273973
"Sp_157",-0.197982334704841,-0.647316414327585,44.125,47.4375,31.8125
"Sp_158",0.199263241824126,-0.568415694303744,59.0235294117647,63.3882352941176,46.8
"Sp_159",0.441231496381646,0.386258219908551,79.1388888888889,83.3333333333333,65.6111111111111
"Sp_160",-0.592841746510787,-0.11361212264047,62.05,76.225,47.325
"Sp_161",0.391078184323234,-0.303177120802761,67.2368421052632,73.6315789473684,62.1315789473684
"Sp_162",-0.168702579780175,-0.650314620714453,33.15,40.025,27.35
"Sp_163",-0.000577190598970011,0.225823910822367,50.1590909090909,58.9545454545455,41.8636363636364
"Sp_164",-0.539992226679084,0.853184699459541,13.8529411764706,12.2352941176471,6.20588235294118
"Sp_165",-0.744257966010262,-0.157258814828758,17.8717948717949,23.4615384615385,16.4615384615385
"Sp_166",-0.566107093576767,0.379626486599178,36.4516129032258,42.9032258064516,28.4516129032258
"Sp_167",0.244802694149018,-0.824917941238081,54.804347826087,59.3695652173913,43.2391304347826
"Sp_168",-0.398449903467644,0.55951405645649,43.9772727272727,64.4545454545455,39.7954545454545
"Sp_169",0.567890488446404,0.448280621169445,67.0975609756098,69.780487804878,44.3170731707317
"Sp_170",0.479123049298428,-0.536212491998601,69.3428571428571,77.5714285714286,57.5428571428571
"Sp_171",0.280691740768105,0.166548946609226,54.925,65.05,48.15
"Sp_172",-0.370256315391496,-0.093689356318894,20.9090909090909,26.040404040404,19.5353535353535
"Sp_173",0.00405637490190073,-0.661017998919171,65.4489795918367,66.2857142857143,50.7551020408163
"Sp_174",-0.815986987160121,0.0168414511041267,48.3428571428571,43.5428571428571,32.4571428571429
"Sp_175",-0.734551318654433,-0.267814146312437,29.5,39.3478260869565,25.7173913043478
"Sp_176",-0.335291864729365,1.048260482378,4.39583333333333,5.5625,5.70833333333333
"Sp_177",0.0421299703576295,-0.510510095931478,55.1739130434783,63.304347826087,42.5652173913044
"Sp_178",-0.373520085224692,0.0413565822060792,36.8846153846154,36.9230769230769,31.5
"Sp_179",0.746022286245988,-0.382425720122486,67.8918918918919,65.972972972973,53.1081081081081
"Sp_180",0.245365024092816,0.310871906488957,69.5,74.125,53.9
"Sp_181",-0.633060276115124,-0.498666941265376,21.3720930232558,30.2558139534884,21.0697674418605
"Sp_182",0.156041029440486,0.587396332584235,64.975,72.675,50.975
"Sp_183",-0.0751823978213197,-0.582247323753572,51.2647058823529,58.7352941176471,42.2352941176471
"Sp_184",0.132299661443345,0.621399725354433,68.3970588235294,76.8235294117647,52.1911764705882
"Sp_185",-0.412486509930627,-0.306866103478535,60.9722222222222,68.1944444444444,50.7777777777778
"Sp_186",0.244468799648205,-0.601419355353449,55.0243902439024,55.1707317073171,50.0243902439024
"Sp_187",0.0064393625055684,0.965124407150082,12.7560975609756,12.2439024390244,13.3658536585366
"Sp_188",0.119575577396406,0.120953794657004,50.5405405405405,65.8918918918919,43.9189189189189
"Sp_189",-0.0891950206717523,-0.0213343704304871,61,68.5333333333333,55.9555555555556
"Sp_190",0.574263346903725,-0.538082733453288,53.3802816901408,63.4084507042254,44.8028169014084
"Sp_191",-0.793659289778105,-0.367024354926607,20.5277777777778,25.7222222222222,22.9166666666667
"Sp_192",0.0824337959219287,-0.350187886563801,63.6363636363636,78.2045454545455,44.2727272727273
"Sp_193",-0.0907931338454334,-0.76939203882826,32.8918918918919,43.9459459459459,36.4594594594595
"Sp_194",0.787015567806765,-0.157518592608064,68.8085106382979,72.4255319148936,56.2765957446809
"Sp_195",-0.0353032587501198,0.29880393549279,47.28125,52,38.3125
"Sp_196",-0.114994241252646,-0.69865669682381,45.025641025641,53.3589743589744,39.3333333333333
"Sp_197",0.684464198517304,0.282865578117958,72.15,73.375,57.2
"Sp_198",0.790775440296313,0.242438233635782,73.2558139534884,72.4651162790698,55.3953488372093
"Sp_199",0.0211447611793152,-0.738140585027567,31.7435897435897,44.2051282051282,30.7948717948718
"Sp_200",0.410712780299965,-0.522223782492637,71.4761904761905,84.6428571428571,52.7142857142857
"Sp_201",0.360176035820378,-0.676474502227322,71,68.6333333333333,52.3
"Sp_202",0.24204508408292,-0.232299286369644,56.1739130434783,65.1304347826087,45.7826086956522
"Sp_203",-0.228851862694204,-0.824919040958153,55.7234042553191,54.936170212766,54.8723404255319
"Sp_204",0.487227513305248,0.68067055655249,18.7236842105263,22.5657894736842,13.5789473684211
"Sp_205",-0.316525210062069,0.702515665355399,17.9893617021277,23.3936170212766,15.468085106383
"Sp_206",-0.322536867113514,0.389917104327277,34.7297297297297,45.4864864864865,32.8648648648649
"Sp_207",-0.200085275029497,-0.167537067020892,40.9090909090909,49.9318181818182,38.6136363636364
"Sp_208",0.402682844116174,0.543889214140136,61.4634146341463,68.0487804878049,51.2682926829268
"Sp_209",-0.0197836604068452,0.556567528119052,48.6590909090909,54.0454545454545,32.75
"Sp_210",0.612951922376334,0.565936293189464,57.5641025641026,51.1025641025641,70
"Sp_211",-0.18416989864626,0.519226816695024,39.9574468085106,46.3191489361702,37.1063829787234
"Sp_212",-0.274322154489353,0.729163234441015,22.1125,27.9,17.25
"Sp_213",0.419013905583747,-0.270200309824713,47.969696969697,56.3939393939394,36.6969696969697
"Sp_214",-0.162090357704017,-0.280477240840997,44.3103448275862,47.6551724137931,37.3448275862069
"Sp_215",0.0628551601936708,-0.751844356877046,37.0263157894737,45.2631578947368,38.1842105263158
"Sp_216",0.693575976814826,-0.357678280582974,66.1,72.85,55.875
"Sp_217",0.689053134086304,0.00587680847797303,69.9117647058823,75.9705882352941,54.5
"Sp_218",0.315816818316309,0.564007837147852,20.7101449275362,41.695652173913,8.26086956521739
"Sp_219",-0.759920985119333,0.112196921027007,10.0416666666667,14.3472222222222,13.7083333333333
"Sp_220",-0.359112183906984,0.170060945770707,46.9722222222222,49.2777777777778,42.8888888888889
"Sp_221",0.776972971706435,-0.267797175239709,70.4698795180723,72.3493975903614,58.4096385542169
"Sp_222",0.733453857657872,-0.165845826050282,68.6190476190476,79.6904761904762,61.7380952380952
"Sp_223",0.789535994610733,-0.271714614088839,71.5555555555556,80.4888888888889,60.8
"Sp_224",-0.361419575716626,-0.282613612234076,39.5116279069767,50.7209302325581,40.3953488372093
"Sp_225",0.788554376187926,-0.0827961718212239,72.1052631578947,76.4078947368421,60.2894736842105
"Sp_226",0.477916038317541,-0.494695692523818,52.4054054054054,53.7027027027027,43.8108108108108
"Sp_227",0.0756849468519926,0.442912351827341,46,51.525,35.375
"Sp_228",0.173268459489154,-0.664299380674117,57.906976744186,70.1395348837209,45.8604651162791
"Sp_229",-0.662062703994979,0.982645214753478,2.53846153846154,3.15384615384615,3.43589743589744
"Sp_230",-0.174298366890321,0.0326222328040444,45.972972972973,54.6891891891892,34.2432432432432
"Sp_231",-0.341377583858752,0.842585587695671,10.3409090909091,10.1363636363636,8.34090909090909
"Sp_232",-0.256436042150402,0.126630211470062,58.1162790697674,60.093023255814,38.6744186046512
"Sp_233",-0.790390769375625,-0.177794140442722,26.9090909090909,32.5454545454545,25.7727272727273
"Sp_234",-0.336837962300952,-0.548363627451598,71,80.3414634146341,56.6341463414634
"Sp_235",-0.22947227514782,-0.43966262535094,55.7746478873239,62.3380281690141,42.830985915493
"Sp_236",-0.4583802954929,-0.232946604864402,44.5121951219512,53.5853658536585,42.609756097561
"Sp_237",0.703436838801467,0.497096813691359,37.4473684210526,40.5,33.7105263157895
"Sp_238",-0.658852290750061,-0.310584519450904,21,28.0789473684211,22.9210526315789
"Sp_239",-0.643678894145007,-0.23437535425975,26.9117647058824,30.1176470588235,24.1764705882353
"Sp_240",-0.629065533154267,-0.328881218575565,31.1315789473684,32.7631578947368,33.0789473684211
"Sp_241",-0.76464299346513,-0.457403683108684,20.8205128205128,23.3846153846154,17.2564102564103
"Sp_242",-0.856540168581977,-0.188041045163857,24.3548387096774,29.5806451612903,21.5161290322581
"Sp_243",-0.710389150338576,-0.0891145516660282,58.4523809523809,72.0476190476191,51.9047619047619
"Sp_244",-0.436637987094143,-0.154944163070232,46.1363636363636,52.4242424242424,40.7272727272727
"Sp_245",-0.819990188006373,0.139811566575484,19.0357142857143,39.5357142857143,20.6785714285714
"Sp_246",-0.927658249461226,0.0866078063879408,50.0810810810811,57.6756756756757,47.2972972972973
"Sp_247",-0.687380787760665,0.258895356287034,15.5,22.047619047619,16.3095238095238
"Sp_248",0.757297780907885,0.349616948679417,71.6222222222222,73.2,52.1111111111111
"Sp_249",-0.559715484081192,-0.116053114819985,39.5483870967742,42.247311827957,36.010752688172
"Sp_250",-0.873149650684953,0.15751351871729,31.6136363636364,37.3409090909091,24.7045454545455
"Sp_251",-0.447987275800466,0.395477378784356,38.9428571428571,48.1238095238095,30.4
"Sp_252",-0.6924635116498,0.0711653563377375,58.9032258064516,68.5806451612903,53.6774193548387
"Sp_253",-0.868326155351754,-0.218814868998359,30.1707317073171,39.0731707317073,26.609756097561
"Sp_254",-0.431530987094368,-0.595946812174298,51.6052631578947,67.2368421052632,45.8421052631579
"Sp_255",-0.636014346732344,0.391269490311434,22.9642857142857,26.5357142857143,20.0714285714286
"Sp_256",-0.0860284061473659,-0.263190706923606,54.3095238095238,68.2619047619048,43.4285714285714
"Sp_257",-0.555271659410844,-0.51552262975618,56.90625,79.125,51.21875
"Sp_258",-0.254827174899507,0.0611408385550484,45.5,48.875,40.05
"Sp_259",0.61195490318307,-0.284052905604489,69.2222222222222,74.3111111111111,62.4
"Sp_260",0.193029916253217,-0.381817033729226,68.7173913043478,79.9130434782609,60.195652173913
"Sp_261",0.195692282536867,0.548100619982728,60.1518987341772,61.8987341772152,45.5316455696203
"Sp_262",-0.124463745024695,-0.562872716561107,56.8541666666667,64.5208333333333,48.3541666666667
"Sp_263",0.187820340273435,-0.139161499692018,57.6744186046512,71.5348837209302,48.1627906976744
"Sp_264",0.0475896149863409,-0.422082845735918,60.7777777777778,76.5185185185185,42.7037037037037
"Sp_265",-0.133780974261596,-0.518147975565067,45.0487804878049,52.6585365853659,36.4146341463415
"Sp_266",-0.467005270334427,0.194796071807171,62.1578947368421,79.2105263157895,53.2894736842105
"Sp_267",-0.367146260038929,-0.308981633530733,50.4242424242424,61.2121212121212,40.6969696969697
"Sp_268",-0.746574513793958,-0.26440112513393,26.3571428571429,36.3571428571429,25.2380952380952
"Sp_269",0.460558179109124,-0.600548106409302,60.8139534883721,69.5116279069767,45.2558139534884
"Sp_270",-0.588908184521299,-0.590683975324191,18.96,24.76,17.7866666666667
"Sp_271",-0.248347658912754,0.672158891046696,41.7727272727273,49.8181818181818,29.9318181818182
"Sp_272",-0.312276498140031,0.667683435364947,34.3666666666667,45.2333333333333,27.4333333333333
"Sp_273",-0.136422000313782,0.747595260887297,44.5142857142857,55.8857142857143,28.3714285714286
"Sp_274",-0.177264233158122,0.713659463643278,43.4,56.5777777777778,31.0666666666667
"Sp_275",-0.282646586673679,0.70433775438723,48.2857142857143,58.1071428571429,26.75
"Sp_276",-0.0496525111602592,0.683125585666193,40.75,51.475,29.45
"Sp_277",-0.443295258435773,0.685759979002097,29.9459459459459,51.3513513513514,23.5405405405405
"Sp_278",-0.0622567760939291,0.777738604783744,43.6341463414634,53.7073170731707,34.0243902439024
"Sp_279",-0.464610153105595,0.552557841205279,31.8787878787879,36.7272727272727,29.8787878787879
"Sp_280",0.235652959292118,0.709204066870122,62.4897959183673,72.8163265306122,43.3265306122449
"Sp_281",0.194610829852401,0.419411781848877,75.7894736842105,87.1842105263158,57.6315789473684
"Sp_282",0.207259539695581,0.780465291051238,74.8846153846154,80.2564102564103,53.7564102564103
"Sp_283",0.165230779814236,0.685944323654042,75.5128205128205,83.4358974358974,59.1025641025641
"Sp_284",0.079042603860265,0.680023437089715,70.4302325581395,82.1511627906977,52.8139534883721
"Sp_285",0.585908273134246,-0.411706795003661,67.8181818181818,72.3787878787879,58.7121212121212
"Sp_286",0.810944806001937,0.0856556808052854,67.3260869565217,75.6739130434783,59.2173913043478
"Sp_287",0.45745227245731,-0.222051176879175,66.5476190476191,74.5238095238095,54.6190476190476
"Sp_288",0.653327881588182,-0.208739757529033,77.6046511627907,82.2790697674419,62.6279069767442
"Sp_289",0.716862261905407,-0.0287085266243398,56.3333333333333,73.5384615384615,48.4102564102564
"Sp_290",0.642921248450747,-0.0511802601627195,67.8888888888889,73.4888888888889,56.7333333333333
"Sp_291",0.700287410683066,-0.11956234143938,66.8709677419355,73.5483870967742,53.3655913978495
"Sp_292",0.672813527973994,-0.162762101654449,64.1081081081081,70.3513513513514,49.972972972973
"Sp_293",0.758658966017565,-0.114468328045154,72.9444444444444,77.8888888888889,63.8888888888889
"Sp_294",0.0210698462921444,-0.605070888779178,74.2,79.3142857142857,57.1142857142857
"Sp_295",0.581854159075594,0.0942447969431614,70.45,74.475,56.075
"Sp_296",0.796808021526103,-0.191354988194278,69.2702702702703,71.945945945946,63.6216216216216
"Sp_297",0.694439180379539,-0.235420590789596,70.6153846153846,78.2051282051282,52.8461538461538
"Sp_298",0.46444674339867,0.98330299176728,8.875,8.47916666666667,10.2083333333333
"Sp_299",0.480161483447289,-0.393334059137777,64.25,76.675,49.925
"Sp_300",0.790802975265116,-0.0426726982370973,71.3913043478261,75.3260869565217,62.7391304347826
"Sp_301",0.412810571291549,0.125151064650935,70.15,72.075,49.425
"Sp_302",0.831759149974001,-0.033414554641752,71.9166666666667,75.4791666666667,51.5416666666667
"Sp_303",0.660275134361771,0.517756844553417,67.7142857142857,83.2619047619048,58.6666666666667
"Sp_304",-0.594845750679478,0.658027265343915,47.0810810810811,63.2702702702703,44.4054054054054
"Sp_305",0.00248780905666189,0.699936395816503,43.4186046511628,60.6976744186046,34.6744186046512
"Sp_306",0.34044468957522,0.973651325844865,18.8421052631579,16.9210526315789,14.5
"Sp_307",-0.627004335545989,0.792311580864282,7.48571428571429,10.1142857142857,8.82857142857143
"Sp_308",0.248242079098741,-0.583507635559475,57.6046511627907,64.2325581395349,49.4883720930233
"Sp_309",0.00470922979697411,0.651019466618671,43.8333333333333,59.0151515151515,33.0606060606061
"Sp_310",-0.149903541742359,-0.750610918226582,50.5483870967742,52.2903225806452,43.2903225806452
"Sp_311",-0.0774415716475577,-0.156020029607105,59.6091954022989,70.8850574712644,51.9310344827586
"Sp_313",-0.827721909099608,-0.11446249968332,18.4468085106383,23.9148936170213,21.7659574468085
"Sp_314",-0.647152142618598,-0.146084182331785,56.8481012658228,62.6075949367089,50.620253164557
"Sp_315",-0.53893452040887,-0.528179544302926,48.9230769230769,66.8615384615385,42.9846153846154
